{
	"credit": "Made with Blockbench",
	"parent": "item/generated",
	"display": {
		"thirdperson_righthand": {
			"rotation": [0, -90, 0],
			"scale": [0.7, 0.7, 0.7]
		},
		"thirdperson_lefthand": {
			"rotation": [0, 90, 0],
			"scale": [0.7, 0.7, 0.7]
		},
		"firstperson_righthand": {
			"rotation": [0, -90, 0],
			"translation": [-1, 1.75, -1.5],
			"scale": [0.7, 0.7, 0.7]
		},
		"firstperson_lefthand": {
			"rotation": [0, 90, 0],
			"translation": [1, 1.75, -1.5]
		},
		"gui": {
			"scale": [0.9, 0.9, 0.9]
		},
		"head": {
			"scale": [0, 0, 0]
		}
	}
}