{
	"credit": "Made with Blockbench",
	"parent": "item/gungaming/gun/gun",
	"textures": {
		"layer0": "item/gungaming/gun/m134_minigun"
	},
	"display": {
		"thirdperson_righthand": {
			"rotation": [0, -90, -78],
			"translation": [0, 2, 0.5],
			"scale": [2, 2, 2]
		},
		"thirdperson_lefthand": {
			"rotation": [0, 90, 78],
			"translation": [0, 2, 0.5],
			"scale": [2, 2, 2]
		},
		"firstperson_righthand": {
			"rotation": [0, -90, 0],
			"translation": [-1, -1, -4],
			"scale": [2, 2, 2]
		},
		"firstperson_lefthand": {
			"rotation": [0, 90, 0],
			"translation": [-1, -1, -4],
			"scale": [2, 2, 2]
		},
		"ground": {
			"scale": [2, 2, 2]
		},
		"gui": {
			"scale": [1.1, 1.1, 1.1]
		},
		"head": {
			"scale": [0, 0, 0]
		},
		"fixed": {
			"scale": [2, 2, 2]
		}
	}
}