{
	"credit": "Made with Blockbench",
	"parent": "item/gungaming/gun/gun",
	"textures": {
		"layer0": "item/gungaming/gun/remington_m870"
	},
	"display": {
		"thirdperson_righthand": {
			"rotation": [0, -90, 0],
			"scale": [1.7, 1.7, 1]
		},
		"thirdperson_lefthand": {
			"rotation": [0, 90, 0],
			"scale": [1.7, 1.7, 1]
		},
		"firstperson_righthand": {
			"rotation": [0, -90, 0],
			"translation": [-1, 1.75, -1.5],
			"scale": [1.7, 1.7, 1]
		},
		"firstperson_lefthand": {
			"rotation": [0, 90, 0],
			"translation": [1, 1.75, -1.5],
			"scale": [1.7, 1.7, 1]
		},
		"ground": {
			"scale": [1.7, 1.7, 1]
		},
		"head": {
			"scale": [0, 0, 0]
		},
		"fixed": {
			"scale": [1.7, 1.7, 1]
		}
	}
}