{
    "gun.shoot.m9": {
        "sounds": [
            "gungaming:gun/shoot/m9"
        ]
    },
    "gun.reload.m9": {
        "sounds": [
            "gungaming:gun/reload/m9"
        ]
    },
    "gun.switch.m9": {
        "sounds": [
            "gungaming:gun/switch/m9"
        ]
    },
    "gun.shoot.nagant_m1895": {
        "sounds": [
            "gungaming:gun/shoot/nagant_m1895"
        ]
    },
    "gun.reload.nagant_m1895": {
        "sounds": [
            "gungaming:gun/reload/nagant_m1895"
        ]
    },
    "gun.switch.nagant_m1895": {
        "sounds": [
            "gungaming:gun/switch/nagant_m1895"
        ]
    },
    "gun.shoot.m134_minigun": {
        "sounds": [
            "gungaming:gun/shoot/m134_minigun"
        ]
    },
    "gun.reload.m134_minigun": {
        "sounds": [
            "gungaming:gun/reload/m134_minigun"
        ]
    },
    "gun.switch.m134_minigun": {
        "sounds": [
            "gungaming:gun/switch/m134_minigun"
        ]
    },
    "gun.shoot.remington_m870": {
        "sounds": [
            "gungaming:gun/shoot/remington_m870"
        ]
    },
    "gun.reload.remington_m870": {
        "sounds": [
            "gungaming:gun/reload/remington_m870"
        ]
    },
    "gun.switch.remington_m870": {
        "sounds": [
            "gungaming:gun/switch/remington_m870"
        ]
    },
    "gun.shoot.ak-47": {
        "sounds": [
            "gungaming:gun/shoot/ak-47"
        ]
    },
    "gun.reload.ak-47": {
        "sounds": [
            "gungaming:gun/reload/ak-47"
        ]
    },
    "gun.switch.ak-47": {
        "sounds": [
            "gungaming:gun/switch/ak-47"
        ]
    },
    "gun.out_of_ammo": {
        "sounds": [
            "gungaming:gun/out_of_ammo"
        ]
    },
    "gun.reload_required": {
        "sounds": [
            "gungaming:gun/reload_required"
        ]
    },
    "gun.shoot.dragunov_svu": {
        "sounds": [
            "gungaming:gun/shoot/dragunov_svu"
        ]
    },
    "gun.reload.dragunov_svu": {
        "sounds": [
            "gungaming:gun/reload/dragunov_svu"
        ]
    },
    "gun.switch.dragunov_svu": {
        "sounds": [
            "gungaming:gun/switch/dragunov_svu"
        ]
    },
    "gun.shoot.sv-98": {
        "sounds": [
            "gungaming:gun/shoot/sv-98"
        ]
    },
    "gun.reload.sv-98": {
        "sounds": [
            "gungaming:gun/reload/sv-98"
        ]
    },
    "gun.switch.sv-98": {
        "sounds": [
            "gungaming:gun/switch/sv-98"
        ]
    },
    "gun.shoot.rocket_launcher": {
        "sounds": [
            "gungaming:gun/shoot/rocket_launcher"
        ]
    },
    "gun.reload.rocket_launcher": {
        "sounds": [
            "gungaming:gun/reload/rocket_launcher"
        ]
    },
    "gun.switch.rocket_launcher": {
        "sounds": [
            "gungaming:gun/switch/rocket_launcher"
        ]
    },
    "bullet.rocket": {
        "sounds": [
            "gungaming:bullet/rocket"
        ]
    },
    "throwable.explosion.frag_grenade": {
        "sounds": [
            "gungaming:throwable/explosion/frag_grenade"
        ]
    },
    "throwable.explosion.mirv_grenade": {
        "sounds": [
            "gungaming:throwable/explosion/mirv_grenade"
        ]
    },
    "throwable.explosion.small_grenade": {
        "sounds": [
            "gungaming:throwable/explosion/small_grenade"
        ]
    },
    "throwable.explosion.smoke_grenade": {
        "sounds": [
            "gungaming:throwable/explosion/smoke_grenade"
        ]
    },
    "throwable.throw.grenade": {
        "sounds": [
            "gungaming:throwable/throw/grenade"
        ]
    },
    "throwable.throw.molotov_cocktail": {
        "sounds": [
            "gungaming:throwable/throw/molotov_cocktail"
        ]
    },
    "throwable.explosion.molotov_cocktail": {
        "sounds": [
            "gungaming:throwable/explosion/molotov_cocktail"
        ]
    }
}