{
	"__gungaming__": "Diamond shovels represent all the guns in gungaming",
	"parent": "item/generated",
	"textures": {
		"layer0": "item/diamond_shovel"
	},
	"overrides": [
		{
			"predicate": {
				"custom_model_data": 1
			},
			"model": "item/gungaming/gun/m9"
		},
		{
			"predicate": {
				"custom_model_data": 2
			},
			"model": "item/gungaming/gun/nagant_m1895"
		},
		{
			"predicate": {
				"custom_model_data": 3
			},
			"model": "item/gungaming/gun/ak-47"
		},
		{
			"predicate": {
				"custom_model_data": 4
			},
			"model": "item/gungaming/gun/rocket_launcher"
		},
		{
			"predicate": {
				"custom_model_data": 5
			},
			"model": "item/gungaming/gun/m134_minigun"
		},
		{
			"predicate": {
				"custom_model_data": 6
			},
			"model": "item/gungaming/gun/remington_m870"
		},
		{
			"predicate": {
				"custom_model_data": 7
			},
			"model": "item/gungaming/gun/dragunov_svu"
		},
		{
			"predicate": {
				"custom_model_data": 8
			},
			"model": "item/gungaming/gun/sv-98"
		}
	]
}