{
	"__gungaming__": "Snowball represents all the throwables in gungaming",
	"parent": "item/generated",
	"textures": {
		"layer0": "item/gungaming/thrown/thrown"
	},
	"overrides": [
		{
			"predicate": {
				"custom_model_data": 1
			},
			"model": "item/gungaming/throwable/frag_grenade"
		},
		{
			"predicate": {
				"custom_model_data": 2
			},
			"model": "item/gungaming/throwable/smoke_grenade"
		},
		{
			"predicate": {
				"custom_model_data": 3
			},
			"model": "item/gungaming/throwable/mirv_grenade"
		},
		{
			"predicate": {
				"custom_model_data": 4
			},
			"model": "item/gungaming/throwable/molotov_cocktail"
		}
	]
}