{
	"__gungaming__": "White dyes represent all the ammo in gungaming",
	"parent": "item/generated",
	"textures": {
		"layer0": "item/white_dye"
	},
	"overrides": [
		{
			"predicate": {
				"custom_model_data": 1
			},
			"model": "item/gungaming/ammo/9mm"
		},
		{
			"predicate": {
				"custom_model_data": 2
			},
			"model": "item/gungaming/ammo/7.62mm"
		},
		{
			"predicate": {
				"custom_model_data": 3
			},
			"model": "item/gungaming/ammo/rocket"
		},
		{
			"predicate": {
				"custom_model_data": 4
			},
			"model": "item/gungaming/ammo/12_gauge"
		}
	]
}