{
	"__gungaming__": "Wooden axes represent all the magazines in gungaming",
	"parent": "item/generated",
	"textures": {
		"layer0": "item/wooden_axe"
	},
	"overrides": [
		{
			"predicate": {
				"custom_model_data": 1
			},
			"model": "item/gungaming/attachment/small_magazine"
		},
		{
			"predicate": {
				"custom_model_data": 2
			},
			"model": "item/gungaming/attachment/big_magazine"
		},
		{
			"predicate": {
				"custom_model_data": 3
			},
			"model": "item/gungaming/attachment/huge_magazine"
		}
	]
}