{
	"credit": "Made with Blockbench",
	"parent": "item/generated",
	"textures": {
		"layer0": "item/gungaming/throwable/molotov_cocktail"
	},
	"display": {
		"thirdperson_righthand": {
			"rotation": [0, -90, 0],
			"scale": [1, 1, 1.5]
		},
		"thirdperson_lefthand": {
			"rotation": [0, 90, 0],
			"scale": [1, 1, 1.5]
		},
		"firstperson_righthand": {
			"rotation": [0, -90, 0],
			"scale": [1, 1, 1.5]
		},
		"firstperson_lefthand": {
			"rotation": [0, 90, 0],
			"scale": [1, 1, 1.5]
		},
		"ground": {
			"scale": [1, 1, 1.5]
		},
		"gui": {
			"scale": [1, 1, 1.5]
		},
		"fixed": {
			"scale": [1, 1, 1.5]
		}
	}
}